ngay,ma,gia,thay_doi_pct,diem,xu_huong,tin_hieu
2026-09-30,GAS,82.0,-3.42,-1,đi ngang,Giá cắt xuống MA20
2026-09-30,HDB,27.5,0.36,1,tăng,Giá cắt lên MA20
2026-09-30,MWG,72.4,0.7,2,đi ngang,Giá cắt lên MA20 | Giá vượt MA50
2026-09-30,STB,74.0,-2.37,-2,đi ngang,Giá thủng MA50
2026-09-30,TCB,32.55,-0.15,-1,đi ngang,MACD cắt xuống đường tín hiệu
2026-09-30,TCX,29.15,-0.17,1,giảm,RSI 26: quá bán
2026-09-30,GAS,82.0,-3.42,-1,đi ngang,Giá cắt xuống MA20
2026-09-30,HDB,27.5,0.36,1,tăng,Giá cắt lên MA20
2026-09-30,MWG,72.4,0.7,2,đi ngang,Giá cắt lên MA20 | Giá vượt MA50
2026-09-30,STB,74.0,-2.37,-2,đi ngang,Giá thủng MA50
2026-09-30,TCB,32.55,-0.15,-1,đi ngang,MACD cắt xuống đường tín hiệu
2026-09-30,TCX,29.15,-0.17,1,giảm,RSI 26: quá bán
2026-10-01,BMP,143.4,0.21,1,đi ngang,Giá cắt lên MA20
2026-10-01,CMG,21.25,0.24,1,giảm,RSI 28: quá bán
2026-10-01,DBC,15.15,-0.98,0,giảm,RSI 27: quá bán | Thủng đáy 52 tuần
2026-10-01,DCM,33.55,0.15,-1,đi ngang,MACD cắt xuống đường tín hiệu
2026-10-01,FTS,19.0,-0.78,0,giảm,RSI 29: quá bán | Thủng đáy 52 tuần
2026-10-01,HAG,14.0,-0.71,-2,giảm,Giá thủng MA50
2026-10-01,HDB,28.1,2.18,1,tăng,MACD cắt lên đường tín hiệu
2026-10-01,HHV,9.06,0.0,1,giảm,RSI 26: quá bán
2026-10-01,KBC,25.25,-0.59,1,giảm,RSI 17: quá bán
2026-10-01,KDH,15.2,-0.98,1,giảm,RSI 29: quá bán
2026-10-01,KOS,15.8,-6.78,0,giảm,RSI 2: quá bán | Thủng đáy 52 tuần
2026-10-01,MSB,14.3,0.7,-1,tăng,RSI 70: quá mua
2026-10-01,NKG,9.5,0.11,1,giảm,RSI 23: quá bán
2026-10-01,NVL,10.35,1.47,1,giảm,RSI 24: quá bán
2026-10-01,PAN,18.5,0.0,1,giảm,Giá cắt lên MA20
2026-10-01,PC1,20.5,-1.2,-2,giảm,Giá thủng MA50
2026-10-01,PDR,11.15,-0.89,1,giảm,RSI 29: quá bán
2026-10-01,PLX,36.8,3.37,1,đi ngang,Giá cắt lên MA20
2026-10-01,PNJ,24.75,-6.95,0,giảm,RSI 17: quá bán | Thủng đáy 52 tuần
2026-10-01,TCX,29.05,-0.34,1,giảm,RSI 25: quá bán
2026-10-01,VCG,13.7,0.37,1,giảm,RSI 21: quá bán
2026-10-01,VND,13.85,0.0,1,giảm,RSI 30: quá bán
2026-10-01,VPL,78.4,-1.01,-2,giảm,Giá thủng MA50
