ngay,ma,gia,thay_doi_pct,gtgd_ty,kl_so_voi_tb20,khoi_ngoai_rong_ty,mua_chu_dong_ty,ban_chu_dong_ty,so_lenh_lon
2026-10-01,ACB,21.2,0.47,12.58,0.08,-2.16,1.01,1.46,0
2026-10-01,ANV,15.85,1.93,1.84,0.3,-0.1,0.93,0.1,0
2026-10-01,BAF,31.45,-0.16,20.29,0.42,-2.39,6.56,3.39,0
2026-10-01,BCM,40.2,1.26,5.59,0.25,1.12,1.75,0.37,0
2026-10-01,BID,35.7,-0.7,20.99,0.16,-5.54,1.59,1.95,0
2026-10-01,BMP,143.4,0.21,1.13,0.11,0.03,0.63,0.47,0
2026-10-01,BSI,25.85,0.39,1.65,0.24,0.32,1.18,0.32,0
2026-10-01,BSR,31.8,1.27,91.39,0.21,-14.72,1.35,0.77,0
2026-10-01,BVH,74.3,-0.27,14.44,0.22,1.84,0.76,2.46,0
2026-10-01,BWE,41.0,0.49,0.66,0.61,-0.07,0.52,0.14,0
2026-10-01,CII,12.3,1.23,22.13,0.25,-2.38,2.39,0.95,0
2026-10-01,CMG,21.25,0.24,0.74,0.24,-0.04,0.28,0.38,0
2026-10-01,CTD,58.9,0.51,2.13,0.15,0.12,0.64,0.74,0
2026-10-01,CTG,30.2,0.67,37.34,0.16,3.64,2.25,3.74,0
2026-10-01,CTR,72.0,0.56,5.27,0.36,0.31,2.42,0.78,0
2026-10-01,CTS,20.7,1.47,5.54,0.23,1.13,1.06,0.35,0
2026-10-01,DBC,15.25,-0.33,10.6,0.64,0.0,1.57,0.71,0
2026-10-01,DCM,33.85,1.04,16.68,0.13,-0.27,2.06,0.78,0
2026-10-01,DGW,45.6,0.88,11.55,0.12,4.18,2.89,2.35,0
2026-10-01,DIG,9.65,0.84,6.31,0.18,0.52,1.58,0.23,0
2026-10-01,DPM,22.6,0.89,16.16,0.18,-1.5,0.9,1.36,0
2026-10-01,DSE,21.85,0.23,4.27,0.41,-0.66,2.63,1.26,0
2026-10-01,DXG,10.25,0.99,10.39,0.1,-0.83,1.64,1.62,0
2026-10-01,EIB,16.8,-1.47,10.29,0.14,-1.02,1.49,2.21,0
2026-10-01,EVF,11.55,-0.43,1.51,0.09,-0.13,0.33,1.15,0
2026-10-01,FPT,63.0,0.0,37.31,0.1,-2.04,1.13,0.21,0
2026-10-01,FRT,147.9,0.61,51.13,0.64,14.05,1.03,7.0,0
2026-10-01,FTS,19.2,0.26,5.76,0.49,1.06,1.6,0.58,0
2026-10-01,GAS,83.0,1.22,15.71,0.12,-2.04,1.21,3.17,0
2026-10-01,GEE,72.8,-3.83,29.77,0.24,-13.45,1.63,2.66,0
2026-10-01,GEX,24.1,0.0,38.42,0.2,-9.67,1.99,0.18,0
2026-10-01,GMD,78.1,0.0,13.79,0.25,2.41,1.66,3.07,0
2026-10-01,GVR,33.4,0.3,27.72,0.33,-0.01,1.4,2.35,0
2026-10-01,HAG,14.8,4.96,81.67,3.75,-1.11,3.48,0.46,0
2026-10-01,HCM,24.1,1.26,18.07,0.23,-1.68,2.22,0.54,0
2026-10-01,HDB,28.0,1.82,162.33,0.53,17.76,3.86,5.21,0
2026-10-01,HDG,15.45,0.65,1.57,0.1,-0.07,0.68,0.76,0
2026-10-01,HHV,9.03,-0.33,4.15,0.22,-0.48,0.52,1.03,0
2026-10-01,HPG,20.2,0.25,70.86,0.2,3.67,2.05,1.03,0
2026-10-01,HSG,10.05,0.5,4.06,0.19,0.05,1.27,0.73,0
2026-10-01,HT1,11.85,0.0,0.34,0.11,0.0,0.08,0.25,0
2026-10-01,KBC,25.2,-0.79,9.59,0.34,-4.72,0.87,1.0,0
2026-10-01,KDC,50.8,-0.2,2.73,0.63,0.03,1.58,0.91,0
2026-10-01,KDH,15.25,-0.65,8.62,0.12,-0.27,0.71,1.07,0
2026-10-01,KOS,15.8,-6.78,0.02,0.01,0.0,0.01,0.0,0
2026-10-01,LPB,43.65,-0.8,7.08,0.08,0.88,2.19,0.43,0
2026-10-01,MBB,19.8,0.76,40.9,0.18,6.12,0.73,0.71,0
2026-10-01,MCH,138.9,-0.07,4.16,0.05,0.77,1.2,2.56,0
2026-10-01,MSB,14.3,0.7,12.54,0.12,-50.21,0.52,4.44,0
2026-10-01,MSN,69.8,1.16,65.18,0.22,9.89,1.88,7.03,0
2026-10-01,MWG,72.6,0.28,25.7,0.15,0.75,6.68,1.58,1
2026-10-01,NAB,12.35,0.41,6.1,0.32,-0.13,1.27,0.33,0
2026-10-01,NKG,9.52,0.32,3.93,0.27,0.75,0.32,1.26,0
2026-10-01,NLG,21.8,0.23,7.29,0.18,0.1,0.91,1.14,0
2026-10-01,NT2,21.9,-0.9,7.95,0.69,0.08,1.95,1.24,0
2026-10-01,NVL,10.3,0.98,29.37,0.15,-1.49,1.12,0.65,0
2026-10-01,OCB,10.15,0.5,1.6,0.08,-0.1,0.28,1.16,0
2026-10-01,PAN,18.65,0.81,1.45,0.18,-0.82,0.79,0.43,0
2026-10-01,PC1,20.25,-2.41,4.23,0.13,-1.2,0.35,1.44,0
2026-10-01,PDR,11.15,-0.89,5.05,0.12,0.2,0.83,0.74,0
2026-10-01,PHR,34.25,2.09,11.97,0.73,-0.02,0.71,2.28,0
2026-10-01,PLX,37.05,4.07,170.0,0.89,38.27,1.58,2.87,0
2026-10-01,PNJ,24.75,-6.95,28.07,0.26,-27.89,1.22,0.0,0
2026-10-01,POW,13.0,0.0,8.46,0.1,0.03,0.92,1.18,0
2026-10-01,PVD,18.55,1.37,19.15,0.17,-1.51,1.55,1.02,0
2026-10-01,PVT,24.0,0.84,48.05,0.26,-12.12,4.38,3.0,0
2026-10-01,REE,47.95,0.1,5.69,0.3,-0.31,0.56,1.54,0
2026-10-01,SAB,43.2,0.7,2.76,0.14,-0.24,0.82,1.01,0
2026-10-01,SBT,22.7,-0.22,4.92,0.18,-0.37,4.05,0.83,0
2026-10-01,SHB,11.4,-0.44,27.73,0.06,-0.32,1.68,1.14,0
2026-10-01,SIP,49.45,0.71,0.31,0.09,-0.09,0.22,0.21,0
2026-10-01,SJS,52.5,0.57,0.01,0.0,0.0,0.01,0.0,0
2026-10-01,SSB,18.3,0.27,10.36,0.15,0.21,1.15,0.36,0
2026-10-01,SSI,20.4,1.49,180.59,0.45,-12.39,0.27,0.01,0
2026-10-01,STB,74.4,0.54,16.9,0.08,-2.37,3.61,0.54,0
2026-10-01,TAL,22.75,-0.22,0.39,0.08,-0.03,0.29,0.29,0
2026-10-01,TCB,32.6,0.15,129.55,0.26,-26.8,1.34,0.07,0
2026-10-01,TCH,11.5,-0.43,4.1,0.08,-0.35,0.67,0.2,0
2026-10-01,TCX,29.25,0.34,14.48,0.22,-4.55,1.08,0.73,0
2026-10-01,TPB,14.45,0.0,17.54,0.14,0.08,0.17,1.78,0
2026-10-01,VCB,58.1,0.17,38.44,0.14,-3.07,3.55,2.16,0
2026-10-01,VCG,13.65,0.0,3.9,0.15,0.02,0.69,1.67,0
2026-10-01,VCI,19.65,1.55,30.06,0.17,-0.23,1.42,1.13,0
2026-10-01,VCK,28.05,0.36,10.12,0.18,-2.5,4.16,1.53,0
2026-10-01,VGC,44.85,-0.33,4.2,0.19,0.06,0.84,0.91,0
2026-10-01,VHC,49.05,1.13,2.21,0.15,0.49,1.29,0.17,0
2026-10-01,VHM,68.4,-0.15,162.96,0.23,-20.18,3.99,1.61,0
2026-10-01,VIB,13.35,0.0,5.5,0.1,1.55,0.9,0.66,0
2026-10-01,VIC,224.1,-1.67,173.43,0.18,-24.27,5.81,2.91,0
2026-10-01,VIX,12.4,0.81,72.83,0.18,-1.02,0.95,2.42,0
2026-10-01,VJC,131.0,-0.76,29.29,0.2,-1.3,2.99,2.62,0
2026-10-01,VND,14.0,1.08,49.99,0.37,-8.35,3.02,0.45,0
2026-10-01,VNM,58.9,-0.84,45.44,0.33,-19.3,1.21,2.65,0
2026-10-01,VPB,23.35,-0.21,61.24,0.11,-15.46,1.21,2.34,0
2026-10-01,VPI,59.0,-0.51,46.4,0.4,14.13,3.53,4.08,0
2026-10-01,VPL,78.6,-0.76,5.77,0.07,-1.75,0.78,2.7,0
2026-10-01,VPX,25.65,-0.58,2.82,0.12,-0.03,0.96,1.76,0
2026-10-01,VRE,24.3,-0.21,18.43,0.16,-3.25,1.41,0.35,0
2026-10-01,VSC,13.15,0.0,30.01,0.29,-0.92,0.44,1.04,0
2026-10-01,VTP,54.4,3.82,45.94,1.31,6.44,0.58,1.31,0
